,id,followers,genres,name,popularity
0,6LArUyIoMiHmDvvOAsE2cd,376805.0,['social media pop'],Dream,66
1,7sKxqpSqbIzphAKAhrqvlf,271339.0,"['contemporary country', 'country', 'country pop', 'country road', 'modern country rock']",Walker Hayes,60
2,7jVv8c5Fj3E9VhNjxT4snq,4562300.0,"['country rap', 'lgbtq+ hip hop', 'pop rap', 'queer country']",Lil Nas X,89
3,0xRXCcSX89eobfrshSVdyu,406658.0,"['dance pop', 'edm', 'pop dance', 'pop house', 'tropical house']",MEDUZA,83
4,3O5HD95HTEPgoPFOjAb7yV,89786.0,['viral rap'],DripReport,65
5,02A3cEvlLLCbIMVDrK2GHV,132073.0,"['aussietronica', 'dance pop', 'pop dance', 'tropical house']",Starley,63
6,2X97ZAqRKRMYFIDqtvGgGc,66693.0,"['dance pop', 'edm', 'house', 'pop dance', 'tropical house']",Silk City,67
7,56mfhUDKa1vec6rSLZV5Eg,87470.0,['nz pop'],Jawsh 685,77
8,5lCY3tqdQxbeg5igSlObaT,292962.0,"['melodic rap', 'trap', 'vapor trap']",Nebu Kiniza,61
9,3EXdLajEO02ziZ90P90bSW,2153178.0,"['emo rap', 'underground hip hop']",Lil Xan,67
10,0n6sKrG0xKAf8xmdqeNGke,12177.0,"['latin', 'reggaeton', 'reggaeton flow', 'trap latino']",Los Legendarios,84
11,787bCXOIvGeBw0Bc4kEjhD,156829.0,"['indie pop rap', 'pop rap']",Luke Christopher,57
12,4rTv3Ejc7hKMtmoBOK1B4T,1661746.0,"['canadian hip hop', 'pop']",Ali Gatie,79
13,5TbLOwv8BNnik3f03NZJlt,276714.0,"['meme rap', 'sad rap', 'vapor trap', 'viral rap']",TOKYO’S REVENGE,69
14,47MpMsUfWtgyIIBEFOr4FE,4287158.0,"['latin', 'latin pop', 'reggaeton', 'reggaeton flow', 'trap latino', 'tropical']",Lunay,83
15,6bmlMHgSheBauioMgKv2tn,847098.0,['sad rap'],Powfu,80
16,0LyOADBjj28cbvJWTXUEGA,84376.0,"['deep talent show', 'hollywood', 'movie tunes']",Loren Allred,65
17,7yntSJ6uojO3z6GFUVwhAW,1580927.0,['viral rap'],CORPSE,79
18,7A8S43ryYdbWpJKeHRZRcq,410231.0,"['rap', 'trap']",JACKBOYS,75
19,6beUvFUlKliUYJdLOXNj9C,1099657.0,"['alt z', 'dance pop', 'electropop', 'indie pop', 'indie poptimism', 'nyc pop', 'pop', 'post-teen pop']",King Princess,70
20,2tIP7SsRs7vjIcLrU85W8J,1624015.0,['australian hip hop'],The Kid LAROI,90
21,2JbE7jUIGtpXSzytnyMg6U,64133.0,[],Curtis Waters,66
22,22hWz22JAmIhIEp0u1X01L,135164.0,['new york drill'],DUSTY LOCANE,72
23,0ZUvK7zGdXLd78mQr3t1Tw,581693.0,"['alt z', 'indie pop', 'la indie', 'pop']",Ricky Montgomery,76
24,2hPgGN4uhvXAxiXQBIXOmE,766967.0,"['hip hop', 'rap', 'underground hip hop']",KIDS SEE GHOSTS,67
25,5UjifI1TYefXWn9GdqDOHl,131592.0,['pop rap'],Social House,71
26,5SXuuuRpukkTvsLuUknva1,222993.0,"['hip hop', 'rap', 'trap', 'underground hip hop', 'vapor trap']",Baby Keem,71
27,4GNC7GD6oZMSxPGyXy4MNB,7544862.0,"['pop', 'uk pop']",Lewis Capaldi,86
28,7ltDVBr6mKbRvohxheJ9h1,4667979.0,['r&b en espanol'],ROSALÍA,85
29,1XLWox9w1Yvbodui0SRhUQ,144594.0,['melodic rap'],StaySolidRocky,71
30,5M0lbkGluOPXLeFjApw8r8,799169.0,"['pop rap', 'rap', 'trap', 'underground hip hop', 'virginia hip hop']",Shelley FKA DRAM,66
31,5lXfVoQxVgC5fpjkVqvNYn,49273.0,"['australian pop', 'australian talent show']",Isaiah Firebrace,56
32,6EPlBSH2RSiettczlz7ihV,247894.0,"['brooklyn drill', 'nyc rap']",Sleepy Hallow,75
33,2hiq2iBnUik3mrOfEgRSpB,112169.0,[],carolesdaughter,68
34,0WOxhx4hikIsyF3CRPLC8W,2181979.0,"['chicago rap', 'drill', 'pop rap', 'rap', 'southern hip hop', 'trap', 'underground hip hop', 'vapor trap', 'viral rap']",Famous Dex,67
35,7okSU80WTrn4LXlyXYbX3P,233882.0,"['alt z', 'indie cafe pop', 'pop']",Clinton Kane,74
36,2SXhbucehn00OBVKhzxDyM,29236.0,"['trap queen', 'viral rap']",Erica Banks,71
37,4ScCswdRlyA23odg9thgIO,2480037.0,"['australian pop', 'dance pop', 'pop', 'pop dance', 'post-teen pop', 'tropical house', 'uk pop']",Jess Glynne,79
38,0NIPkIjTV8mB795yEIiPYL,1817134.0,"['indie pop', 'modern rock', 'pop', 'rock']",Wallows,78
39,2HUwZ0kumzCSlhFcjFZfpp,859827.0,"['melodic rap', 'pop rap', 'rap', 'trap', 'vapor trap']",Flipp Dinero,68
40,2lRH2dgU5Kk4Bc5phmII4T,373672.0,"['contemporary country', 'country pop']",LANCO,61
41,2ySHS7UojGu20XfUPaBlyu,155592.0,"['contemporary country', 'country pop', 'modern country rock']",Devin Dawson,65
42,0rpUnzu4JIoRkKkGvdcm7b,53989.0,['chicago rap'],Lil Eazzyy,68
43,5fyvTyetDr7gvLafBsEEhU,125208.0,"['baltimore hip hop', 'cali rap', 'vapor trap']",Shordie Shordie,66
44,4IJczjB0fJ04gs4uvP0Fli,1227441.0,"['dance pop', 'pop rap']",Gym Class Heroes,78
45,4tYSBptyGeVyZsk8JC4JHZ,840381.0,"['cali rap', 'trap', 'underground hip hop', 'vapor trap']",Shoreline Mafia,73
46,4npEfmQ6YuiwW1GpUmaq3F,3284229.0,"['dance pop', 'pop']",Ava Max,86
47,0Cp8WN4V8Tu4QJQwCN5Md4,608405.0,"['alt z', 'nz pop', 'pop']",BENEE,75
48,3wyVrVrFCkukjdVIdirGVY,7632399.0,"['emo rap', 'miami hip hop', 'rap', 'trap']",Lil Pump,74
49,6extd4B6hl8VTmnlhpl2bY,836843.0,"['hip hop', 'melodic rap', 'pop rap', 'rap', 'southern hip hop', 'trap']",Huncho Jack,65
50,1iNqsUDUraNWrj00bqssQG,343274.0,"['hip hop', 'rap', 'underground hip hop']",Dreamville,72
51,0imE3buPhAowREqCrr4CYe,162009.0,"['alternative r&b', 'chill r&b', 'indie r&b', 'pop']",Peach Tree Rascals,69
52,0bBz5bRBkExaej2HxtVfCw,181760.0,['sad rap'],347aidan,73
53,7MPGCB854Qo4alYMOPkBka,92599.0,['bedroom pop'],Ritt Momney,73
54,7n2wHs1TKAczGzO7Dd2rGr,32419313.0,"['canadian pop', 'dance pop', 'pop', 'post-teen pop', 'viral pop']",Shawn Mendes,89
55,46SHBwWsqBkxI7EeeBEQG7,6912157.0,"['florida rap', 'hip hop', 'melodic rap', 'miami hip hop', 'rap', 'southern hip hop', 'trap']",Kodak Black,83
56,5hdhHgpxyniooUiQVaPxQ0,1717618.0,"['latin', 'reggaeton', 'trap latino', 'tropical']",Nio Garcia,84
57,2ODbg2404zUzTi02qIPEjB,2400879.0,"['cali rap', 'dfw rap', 'meme rap', 'rap', 'trap', 'underground hip hop', 'vapor trap']",Tay-K,68
58,2PaZWGu5T5nHjY2xxAkFsT,176103.0,[],THE SCOTTS,70
59,7LvoDJUNGnOrPdGRzVtOJ9,1124421.0,"['lgbtq+ hip hop', 'nyc rap', 'pop rap', 'rap', 'trap']",Young M.A,69
60,7xEFii6utZmQ61kX59HmLH,156403.0,"['electropop', 'indie electropop', 'indie poptimism', 'la pop', 'pop dance', 'pop edm', 'tropical house', 'vapor soul']",FRENSHIP,60
61,2jku7tDXc6XoB6MO2hFuqg,3615910.0,"['canadian hip hop', 'hip hop', 'melodic rap', 'pop rap', 'r&b', 'rap', 'toronto rap', 'trap']",Tory Lanez,84
62,17lzZA2AlOHwCwFALHttmp,6267865.0,"['atl hip hop', 'gangster rap', 'hip hop', 'pop rap', 'rap', 'southern hip hop', 'trap']",2 Chainz,83
63,23fqKkggKUBHNkbKtXEls4,7362032.0,"['edm', 'pop', 'pop dance', 'tropical house']",Kygo,86
64,0wHeZY93Ede0g1jXaWsiFS,59401.0,['florida rap'],LPB Poody,67
65,1lmU3giNF3CSbkVSQmLpHQ,124107.0,['tropical house'],Surf Mesa,74
66,0eDvMgVFoNV3TpwtrVCoTj,5076597.0,['brooklyn drill'],Pop Smoke,92
67,4yvcSjfu4PC0CYQyLy4wSq,1651869.0,"['gauze pop', 'indietronica', 'shiver pop']",Glass Animals,83
68,3KwmxIhSe9UTSEF37kwngR,129996.0,"['electropop', 'pop']",SHAED,69
69,4NqH3V7GS0Igs1VyGMXEi8,16759.0,[],Mooski,68
70,4q3ewBCX7sLwd24euuV69X,32244734.0,"['latin', 'reggaeton', 'trap latino']",Bad Bunny,98
71,4MCBfE4596Uoi2O4DtmEMz,16996777.0,"['chicago rap', 'melodic rap']",Juice WRLD,96
72,7iK8PXO48WeuP03g8YR51W,5001808.0,['trap latino'],Myke Towers,95
73,5cj0lLjcoR7YOSnhnX0Po5,6208117.0,"['dance pop', 'pop', 'pop rap']",Doja Cat,91
74,4fxd5Ee7UefO4CUXgwJ7IP,946550.0,"['pop', 'r&b']",Giveon,91
75,6KImCVD70vtIoJWnq6nGn3,14086781.0,"['pop', 'post-teen pop']",Harry Styles,90
76,6fOMl44jA4Sp5b9PpYCkzz,5312500.0,"['hip hop', 'pop rap', 'rap']",NF,88
77,6fWVd57NKTalqvmjRd2t8Z,975121.0,['cali rap'],24kGoldn,87
78,6ASri4ePR7RlsvIQgWPJpS,1102715.0,"['melodic rap', 'pop rap']",iann dior,87
79,1l8Fu6IkuTP0U5QetQJ5Xt,12505767.0,"['dance pop', 'electropop', 'girl group', 'pop', 'post-teen pop', 'talent show']",Fifth Harmony,75
80,3wVXTWabe3viT0jF7DfjOL,233485.0,"['pop r&b', 'r&b']",Vedo,71
81,3v6Ji4uoWtKRkhuDUaxi9n,221644.0,"['edm', 'pop dance', 'tropical house']",Dynoro,74
82,4kYSro6naA4h99UJvo89HB,15762250.0,"['pop', 'pop rap', 'post-teen pop', 'rap']",Cardi B,90
83,4IVAbR2w4JJNJDDRFP3E83,2893671.0,"['alternative r&b', 'atl hip hop', 'hip hop', 'melodic rap', 'r&b', 'rap', 'trap']",6LACK,85
84,4r63FhuTkUYltbVAg5TQnk,6485079.0,"['north carolina hip hop', 'rap']",DaBaby,93
85,4Ga1P7PMIsmqEZqhYZQgDo,3555694.0,"['melodic rap', 'rap', 'trap']",Lil Tecca,82
86,5F1aAS1duwlzExnPs3l2Xe,247962.0,"['memphis hip hop', 'rap', 'southern hip hop', 'tennessee hip hop', 'trap']",Pooh Shiesty,81
87,2NjfBq1NflQcKSeiDooVjY,2708158.0,"['australian pop', 'pop']",Tones And I,81
88,6pBNfggcZZDCmb0p92OnGn,890970.0,"['contemporary country', 'country', 'country road', 'modern country rock']",Chase Rice,70
89,6AUl0ykLLpvTktob97x9hO,2333302.0,"['detroit hip hop', 'detroit trap', 'hip hop', 'pop rap', 'rap', 'southern hip hop', 'trap']",Tee Grizzley,74
90,6U1dBXJhC8gXFjamvFTmHg,710856.0,"['dance pop', 'hollywood', 'pop', 'post-teen pop', 'show tunes']",Zac Efron,75
91,790FomKkXshlbRYZFtlgla,15941533.0,"['latin', 'reggaeton', 'reggaeton colombiano', 'trap latino']",KAROL G,89
92,5JMLG56F1X5mFmWNmS0iAp,431988.0,"['alt z', 'electropop', 'indie pop', 'indie poptimism', 'pop', 'post-teen pop', 'tropical house']",Chelsea Cutler,79
93,4LcUpNlXFEleaLlelmkv2R,142044.0,"['dutch house', 'dutch pop', 'pop dance', 'tropical house']",Kris Kross Amsterdam,67
94,27mFvqQj8KpjmdKIqcw1mG,737648.0,"['social media pop', 'trap']",Ayo & Teo,66
95,4TEJudQY2pXxVHPE3gD2EU,1268974.0,"['rap', 'southern hip hop', 'tennessee hip hop', 'trap', 'vapor trap']",BlocBoy JB,68
96,3MZsBdqDrRTJihTHQrO6Dq,4370727.0,"['alternative r&b', 'viral pop']",Joji,85
97,5zctI4wO9XSKS8XwcnqEHk,3540941.0,"['melodic rap', 'rap', 'rap conscient', 'trap', 'vapor trap']",Lil Mosey,83
98,6Xgp2XMz1fhVYe7i6yNAax,6061334.0,"['melodic rap', 'rap', 'trap']",Trippie Redd,87
99,45TgXXqMDdF8BkjA83OM7z,1863718.0,['florida rap'],Rod Wave,84
100,699OTQXzgjhIYAHMy9RyPD,4576430.0,"['atl hip hop', 'rap', 'trap']",Playboi Carti,84
101,45dkTj5sMRSjrmBSBeiHym,1375271.0,"['alt z', 'electropop', 'pop', 'post-teen pop']",Tate McRae,83
102,7wlFDEWiM5OoIAt8RSli8b,6679973.0,"['baton rouge rap', 'trap']",YoungBoy Never Broke Again,86
103,5ZsFI1h6hIdQRw2ti0hz81,15390470.0,"['dance pop', 'pop', 'post-teen pop', 'uk pop']",ZAYN,84
104,6jGMq4yGs7aQzuGsMgVgZR,2889175.0,"['brooklyn drill', 'melodic rap', 'nyc rap']",Lil Tjay,91
105,6AgTAQt8XS6jRWi4sX7w49,3657199.0,['chicago rap'],Polo G,91
106,57LYzLEk2LcFghVwuWbcuS,2226432.0,"['pop', 'r&b']",Summer Walker,81
107,6trIghKwHRUyxwvm66HLHH,100256.0,['indie r&b'],Fousheé,72
108,7CajNmpbOovFoOoasH2HaY,21562562.0,"['dance pop', 'edm', 'electro house', 'house', 'pop', 'pop dance', 'progressive house', 'uk dance']",Calvin Harris,87
109,37hAfseJWi0G3Scife12Il,1425645.0,"['dance pop', 'pop', 'pop rap', 'r&b', 'scam rap', 'trap queen']",City Girls,77
110,06HL4z0CvFAxyc27GXpf02,38869193.0,"['pop', 'post-teen pop']",Taylor Swift,98
111,53XhwfbYqKCa1cC15pYq2q,33665795.0,"['modern rock', 'rock']",Imagine Dragons,89
112,0C8ZW7ezQVs4URX5aX7Kqx,26692413.0,"['dance pop', 'pop', 'post-teen pop']",Selena Gomez,89
113,5YGY8feqx7naU7z4HrwZM6,14779387.0,"['dance pop', 'pop', 'post-teen pop']",Miley Cyrus,88
114,3eVa5w3URK5duf6eyVDbu9,639381.0,[],ROSÉ,80
115,1i8SpTcr7yvPOmcqrbnVXY,27772492.0,"['latin', 'puerto rican pop', 'reggaeton', 'trap latino']",Ozuna,93
116,7KkqUt65v6LMtR369OQ6FB,87127.0,"['hollywood', 'show tunes']",Jonathan Groff,69
117,2LAqcqAQ8KPTsl1HBgBrqM,8116.0,['hollywood'],Michelle Williams,65
118,3jK9MiCrA42lLAdMGUZpwa,1822879.0,['escape room'],Anderson .Paak,86
119,718COspgdWOnwOFpJHRZHS,4755356.0,['contemporary country'],Luke Combs,85
120,0iEtIxbK0KxaSlF7G42ZOp,2448692.0,"['hip hop', 'pop rap', 'rap', 'southern hip hop', 'trap']",Metro Boomin,84
121,5Rl15oVamLq7FbSb0NNBNy,7374968.0,"['boy band', 'dance pop', 'electropop', 'pop', 'post-teen pop']",5 Seconds of Summer,84
122,5dHt1vcEm9qb8fCyLcB3HL,2921189.0,"['hip hop', 'pop rap', 'rap', 'southern hip hop', 'trap', 'underground hip hop']",A$AP Ferg,79
123,34bhyY8jfKez7uKakMfy4y,731373.0,"['alt z', 'contemporary country', 'country', 'country pop']",Maddie & Tae,66
124,1pPmIToKXyGdsCF6LmqLmI,2551573.0,"['atl hip hop', 'hip hop', 'melodic rap', 'pop rap', 'rap', 'southern hip hop', 'trap']",Rich The Kid,77
125,0uGk2czvcpWQA383Im6ajf,1431026.0,"['alt z', 'dance pop', 'indie poptimism', 'pop', 'post-teen pop', 'social media pop']",Maggie Lindemann,72
126,56oDRnqbIiwx4mymNEv7dS,3764116.0,"['dance pop', 'escape room', 'minnesota hip hop', 'pop', 'pop rap', 'post-teen pop', 'trap queen']",Lizzo,78
127,6qqNVTkY8uBg9cP3Jd7DAH,41792604.0,"['electropop', 'pop']",Billie Eilish,92
128,757aE44tKEUQEqRuT6GnEB,5988689.0,"['melodic rap', 'rap', 'trap']",Roddy Ricch,88
129,3cR4rhS2hBWqI7rJEBacvN,197493.0,"['broadway', 'hollywood', 'show tunes', 'vocal jazz']",Leslie Odom Jr.,77
130,3QJUFtGBGL05vo0kCJZsmT,116705.0,"['alt z', 'modern indie pop', 'social media pop']",salem ilese,72
131,6i392l38cR3uBPF0DbNs7S,781611.0,"['hip hop', 'melodic rap', 'pop rap', 'rap', 'southern hip hop', 'trap', 'vapor trap']",Quality Control,71
132,0HkcYmcjrBR3SCw9Ld5VZk,720006.0,"['chicago rap', 'melodic rap', 'rap', 'southern hip hop', 'trap', 'vapor trap']",Calboy,69
133,4KJ6jujcNPzOyhdNoiNftp,308848.0,"['indie pop', 'indie poptimism', 'modern alternative rock', 'modern rock', 'pop rock', 'rock']",lovelytheband,67
134,50JJSqHUf2RQ9xsHs0KMHg,1199114.0,['pop rap'],Jon Bellion,74
135,1ShZZUjkbXCjhwrb18BA8I,394299.0,"['electropop', 'pop', 'pop rap']",Bryce Vine,74
136,2cWZOOzeOm4WmBJRnD5R7I,1168210.0,"['dance pop', 'pop', 'post-teen pop', 'r&b']",Normani,74
137,2vnB6tuQMaQpORiRdvXF9H,477513.0,"['bubblegrunge', 'chicago indie', 'indie pop']",Beach Bunny,76
138,2XzXLjXRSeFtsic4ieyLJy,791547.0,[],Wilbur Soot,72
139,6lBN3Tzt61u8i9AJoAhKzF,2354.0,"['post-romantic era', 'ukrainian classical']",Mykola Dmytrovych Leontovych,42
140,4ytkhMSAnrDP8XzRNlw9FS,95715.0,"['adult standards', 'christmas instrumental', 'jazz trio']",Vince Guaraldi Trio,53
141,38EmEgXkgK51MT2tPY0EoC,20169.0,['adult standards'],Bobby Helms,50
142,5ixB75BQR3ADoWQkcHQJTs,39999.0,"['adult standards', 'cowboy western', 'oklahoma country', 'traditional country', 'yodeling']",Gene Autry,45
143,0MHgLfmQdutffmvWe5XBTN,55829.0,"['adult standards', 'american folk revival', 'lounge']",Burl Ives,48
144,6yJCxee7QumYr820xdIsjo,2593055.0,"['contemporary country', 'country', 'country road', 'modern country rock']",Zac Brown Band,76
145,4cPHsZM98sKzmV26wlwD2W,208248.0,"['adult standards', 'brill building pop', 'easy listening', 'lounge', 'rockabilly', 'vocal jazz']",Brenda Lee,58
146,68abRTdO4meYReMWHvBYb0,534341.0,"['contemporary country', 'country road', 'modern country rock']",Chris Lane,67
147,5v8jlSmAQfrkTjAlpUfWtu,313962.0,"['adult standards', 'brill building pop', 'easy listening', 'lounge']",Perry Como,60
148,5KEG7G8LDYlHgFDqZyEEs2,569919.0,"['blues rock', 'classic rock', 'mellow gold', 'soft rock', 'sophisti-pop']",Chris Rea,61
149,3hv9jJF3adDNsBSIQDqcjp,902297.0,"['dance pop', 'neo soul', 'pop']",Mark Ronson,80
150,5F1aoppMtU3OMiltO8ymJ2,552465.0,"['hollywood', 'show tunes']",Hugh Jackman,74
151,6vWDO969PvNqNYHIOW5v0m,27048881.0,"['dance pop', 'pop', 'post-teen pop', 'r&b']",Beyoncé,88
152,3Isy6kedDrgPYoTS1dazA9,3411549.0,"['dance pop', 'dancehall', 'pop', 'pop rap']",Sean Paul,83
153,0rvjqX7ttXeg3mTy8Xscbt,3509186.0,"['album rock', 'classic rock', 'hard rock', 'mellow gold', 'rock', 'soft rock']",Journey,77
154,6Ff53KvcvAj5U7Z1vojB5o,1480467.0,"['boy band', 'dance pop', 'pop', 'post-teen pop']",*NSYNC,71
155,2cnMpRsOVqtPMfq7YiFE6K,3876514.0,"['album rock', 'classic rock', 'hard rock', 'metal', 'rock']",Van Halen,76
156,293zczrfYafIItmnmM3coR,1367891.0,"['adult standards', 'blues rock', 'classic rock', 'rock', 'rock-and-roll', 'rockabilly', 'soul']",Chuck Berry,69
157,5VJN4jB6PqqEg4kJiAj6Eu,24943.0,"['hollywood', 'show tunes']",Renée Elise Goldsberry,67
158,7K78lVZ8XzkjfRSI7570FF,225893.0,"['latin pop', 'puerto rican pop']",José Feliciano,65
159,1Cs0zKBU1kc0i8ypK3B9ai,22429621.0,"['big room', 'dance pop', 'edm', 'pop', 'pop dance']",David Guetta,90
160,1yxSLGMDHlW21z4YXirZDS,5594057.0,"['dance pop', 'pop', 'pop rap']",Black Eyed Peas,86
161,3PhoLpVuITZKcymswpck5b,6915079.0,"['glam rock', 'mellow gold', 'piano rock', 'soft rock']",Elton John,85
162,13y7CgLHjMVRMDqxdx0Xdo,3790572.0,"['atl hip hop', 'dirty south rap', 'gangster rap', 'hip hop', 'pop rap', 'rap', 'southern hip hop', 'trap']",Gucci Mane,83
163,1ThoqLcyIYvZn7iWbj8fsj,1107599.0,"['funk', 'motown', 'quiet storm', 'soul']",Bill Withers,77
164,2iE18Oxc8YSumAU232n4rW,1115094.0,"['adult standards', 'motown']",The Jackson 5,71
165,7crPfGd2k81ekOoSqQKWWz,768754.0,"['heartland rock', 'mellow gold', 'rock']",Stevie Nicks,72
166,6ZjFtWeHP9XN7FeKSUe80S,346416.0,"['adult standards', 'easy listening', 'lounge']",Bing Crosby,59
167,0EmeFodog0BfCgMzAIvKQp,21454012.0,"['colombian pop', 'dance pop', 'latin', 'latin pop', 'pop']",Shakira,87
168,31TPClRtHm23RisEBtV3X7,10644302.0,"['dance pop', 'pop']",Justin Timberlake,84
169,4x1nvY2FN8jxqAFA0DA02H,4085371.0,"['album rock', 'art rock', 'beatlesque', 'classic rock', 'folk rock', 'mellow gold', 'rock']",John Lennon,74
170,2aoFQUeHD1U7pL098lRsDU,357632.0,"['alternative hip hop', 'hip hop', 'psychedelic hip hop', 'rap']",Madvillain,67
171,02kJSzxNuaWGqwubyUba0Z,4816750.0,"['hip hop', 'indie pop rap', 'oakland hip hop', 'pop rap', 'rap']",G-Eazy,83
172,4tX2TplrkIP4v05BNC903e,1765427.0,"['album rock', 'classic rock', 'country rock', 'folk rock', 'hard rock', 'heartland rock', 'mellow gold', 'pop rock', 'psychedelic rock', 'rock', 'roots rock', 'soft rock']",Tom Petty and the Heartbreakers,72
173,4VMYDCV2IEDYJArk749S6m,22831280.0,"['latin', 'latin hip hop', 'reggaeton', 'trap latino', 'tropical']",Daddy Yankee,91
174,7bXgB6jMjp9ATFy66eO08Z,13493933.0,"['dance pop', 'pop', 'pop rap', 'r&b', 'rap']",Chris Brown,90
175,07YZf4WDAMNwqr4jfgOZ8y,9223795.0,"['dance pop', 'pop', 'pop rap', 'post-teen pop']",Jason Derulo,88
176,6XyY86QOPPrYVGvF9ch6wz,18611017.0,"['alternative metal', 'nu metal', 'post-grunge', 'rap metal']",Linkin Park,87
177,4V8LLVI7PbaPR0K2TGSxFF,6122508.0,"['hip hop', 'rap']","Tyler, The Creator",85
178,08GQAI4eElDnROBrJRGE0X,6343791.0,"['album rock', 'classic rock', 'mellow gold', 'rock', 'soft rock', 'yacht rock']",Fleetwood Mac,85
179,5Pwc4xIPtQLFEnJriah9YJ,11636620.0,"['dance pop', 'neo mellow', 'piano rock', 'pop', 'pop rock', 'post-teen pop']",OneRepublic,84
180,7v4imS0moSyGdXyLgVTIV7,1555952.0,"['adult standards', 'vocal jazz']",Nat King Cole,70
181,6KWcxMWVNVIYbdOQyJtsSy,497087.0,"['adult standards', 'brill building pop', 'doo-wop', 'lounge', 'rock-and-roll', 'rockabilly', 'soul', 'vocal jazz']",The Platters,63
182,4sj6D0zlMOl25nprDJBiU9,349659.0,"['adult standards', 'brill building pop', 'easy listening', 'lounge']",Andy Williams,63
183,5he5w2lnU9x7JFhnwcekXX,7789284.0,"['brostep', 'complextro', 'edm', 'electro', 'pop dance']",Skrillex,80
184,1UTPBmNbXNTittyMJrNkvw,5719261.0,"['contemporary country', 'country', 'country road', 'oklahoma country']",Blake Shelton,77
185,44NX2ffIYHr6D4n7RaZF7A,2022590.0,"['classic rock', 'folk', 'folk rock', 'mellow gold', 'rock', 'roots rock', 'singer-songwriter', 'soft rock', 'soul']",Van Morrison,76
186,0YinUQ50QDB7ZxSCLyQ40k,846613.0,"['cali rap', 'hip hop', 'pop rap', 'rap', 'southern hip hop', 'trap']",Mustard,80
187,5lpH0xAS4fVfLkACg9DAuM,1536052.0,"['europop', 'new romantic', 'new wave pop']",Wham!,71
188,6USMTwO0MNDnKte5a5h0xx,264303.0,['pop rap'],Y2K,71
189,5y2Xq6xcjJb2jVM54GHK3t,5610565.0,"['neo soul', 'pop', 'pop soul', 'r&b', 'urban contemporary']",John Legend,83
190,6vXTefBL93Dj5IqAWq6OTv,3901095.0,"['gangster rap', 'hip hop', 'pop rap', 'rap', 'southern hip hop', 'trap']",French Montana,81
191,7gOdHgIoIKoe4i9Tta6qdD,5149142.0,"['boy band', 'dance pop', 'pop', 'pop rock', 'post-teen pop']",Jonas Brothers,80
192,0xOeVMOz2fVg5BJY3N6akT,1500909.0,"['hip hop', 'pop', 'pop rap', 'rap']",Jaden,78
193,7Lk9V7E1u5gqSHmtcKlOqH,210043.0,"['alt z', 'indie cafe pop', 'modern indie pop', 'pop', 'social media pop']",Sara Kays,72
194,77kULmXAQ6vWer7IIHdGzI,395909.0,['contemporary country'],Jordan Davis,72
195,7vCtweS8UVAXTyau2j0rDT,2003592.0,"['contemporary country', 'country', 'country road', 'modern country rock']",Josh Turner,68
196,7Ln80lUS6He07XvHI8qqHH,11481777.0,"['garage rock', 'modern rock', 'permanent wave', 'rock', 'sheffield indie']",Arctic Monkeys,87
197,4LLpKhyESsyAXpc4laK94U,5744628.0,"['hip hop', 'pittsburgh rap', 'rap']",Mac Miller,87
198,66W9LaWS0DPdL7Sz8iYGYe,241497.0,"['alt z', 'canadian contemporary r&b', 'indie cafe pop', 'pop', 'post-teen pop']",JP Saxe,77
199,5a2EaR3hamoenG9rDuVn8j,5205880.0,"['funk', 'funk rock', 'minneapolis sound', 'motown', 'synth funk']",Prince,76
200,77tT1kLj6mCWtFNqiOmP9H,1458956.0,"['album rock', 'classic rock', 'mellow gold', 'rock', 'soft rock', 'yacht rock']",Daryl Hall & John Oates,75
201,4QVBYiagIaa6ZGSPMbybpy,1325189.0,"['latin', 'latin pop', 'puerto rican pop']",Pedro Capó,75
202,4STHEaNw4mPZ2tzheohgXB,3462408.0,"['album rock', 'art rock', 'beatlesque', 'classic rock', 'mellow gold', 'rock', 'soft rock']",Paul McCartney,75
203,0Z8XVUAOBPM4x12wKnFHEQ,130041.0,"['contemporary country', 'texas country']",Parker McCollum,69
204,77SW9BnxLY8rJ0RciFqkHh,5906677.0,"['modern alternative rock', 'modern rock', 'pop', 'shimmer pop']",The Neighbourhood,86
205,20JZFwl6HVl6yg8a4H3ZqK,10632209.0,"['baroque pop', 'emo', 'modern rock']",Panic! At The Disco,83
206,5CiGnKThu5ctn9pBxv7DGa,762806.0,"['electropop', 'pop', 'pop dance', 'pop rap']",benny blanco,82
207,4sIl4BTo9l9KqEi0Y3RE72,176006.0,"['contemporary country', 'country pop']",Carly Pearce,69
208,26AHtbjWKiwYzsoGoUZq53,3001787.0,['a cappella'],Pentatonix,72
209,5XenQ7XfcvQdfIbpLEFaKQ,718691.0,"['alternative r&b', 'dmv rap', 'hip hop', 'indie soul', 'r&b', 'rap', 'underground hip hop']",GoldLink,72
210,2hWs22BmQkK4czFtDLnar2,209900.0,['san diego rap'],Rob $tone,64
211,2lolQgalUvZDfp5vvVtTYV,626943.0,"['adult standards', 'easy listening', 'lounge', 'vocal jazz']",Tony Bennett,65
212,6eUKZXaKkcviH0Ku9w2n3V,78900234.0,"['pop', 'uk pop']",Ed Sheeran,92
213,5K4W6rqBFWDnAN6FQUkS6x,13713751.0,"['chicago rap', 'rap']",Kanye West,92
214,15UsOTVnJzReFVN1VCnxy4,26747778.0,"['emo rap', 'miami hip hop']",XXXTENTACION,92
215,2R21vXR83lH98kGeO99Y66,17083706.0,"['latin', 'reggaeton', 'reggaeton flow', 'trap boricua', 'trap latino']",Anuel AA,92
216,1RyvyyTE3xzB2ZywiAwp0i,10099191.0,"['atl hip hop', 'pop rap', 'rap', 'southern hip hop', 'trap']",Future,91
217,55Aa2cqylxrFIXC767Z865,10309562.0,"['hip hop', 'new orleans rap', 'pop rap', 'rap', 'trap']",Lil Wayne,90
218,77ziqFxp5gaInVrF2lj4ht,7865082.0,"['latin', 'panamanian pop', 'reggaeton', 'trap latino']",Sech,89
219,20wkVLutqVOYrc0kxFs7rA,2588034.0,"['canadian contemporary r&b', 'pop', 'r&b']",Daniel Caesar,89
220,6TIYQ3jFPwQSRmorSezPxX,3370875.0,"['ohio hip hop', 'pop rap']",Machine Gun Kelly,88
221,2wY79sveU1sp5g7SokKOiI,16141960.0,"['dance pop', 'pop', 'post-teen pop', 'uk pop']",Sam Smith,88
222,1URnnhqYAYcrqrcwql10ft,9478827.0,"['atl hip hop', 'rap', 'trap']",21 Savage,87
223,41MozSoPIsD1dJM0CLPjZF,20950428.0,"['k-pop', 'k-pop girl group']",BLACKPINK,87
224,6jJ0s89eD6GaHleKKya26X,18021998.0,"['dance pop', 'pop', 'post-teen pop']",Katy Perry,87
225,2cFrymmkijnjDg9SS92EPM,4084767.0,"['electropop', 'pop', 'pop rap']",blackbear,87
226,3nFkdlSjzX9mRTtwJOzDYB,6126502.0,"['east coast hip hop', 'hip hop', 'pop rap', 'rap']",JAY-Z,87
227,0X2BH1fck6amBIoJhDVmmJ,9339948.0,"['dance pop', 'edm', 'electropop', 'indietronica', 'metropopolis', 'pop', 'post-teen pop', 'tropical house', 'uk pop']",Ellie Goulding,83
228,0ErzCpIMyLcjPiwT4elrtZ,2968477.0,"['memphis hip hop', 'trap']",NLE Choppa,81
229,21WS9wngs9AqFckK7yYJPM,2938218.0,"['melodic rap', 'pop rap', 'r&b', 'rap', 'trap']",PnB Rock,78
230,6Ha4aES39QiVjR0L2lwuwq,3261746.0,"['dirty south rap', 'gangster rap', 'hip hop', 'memphis hip hop', 'pop rap', 'rap', 'southern hip hop', 'tennessee hip hop', 'trap']",Yo Gotti,75
231,6Dd3NScHWwnW6obMFbl1BH,1225839.0,"['alt z', 'dance pop', 'electropop', 'indie poptimism', 'pop', 'pop dance', 'post-teen pop', 'tropical house']",Daya,76
232,57WHJIHrjOE3iAxpihhMnp,4860749.0,"['pop', 'post-teen pop']",Louis Tomlinson,75
233,3Rx4PJ7SP6unkOk5elPUK7,316162.0,"['atl trap', 'rap', 'southern hip hop', 'trap']",Money Man,72
234,6y8XlgIV8BLlIg1tT1R10i,976893.0,"['contemporary country', 'country', 'country road']",Old Dominion,72
235,4BYxqVkZyFjtik7crYLg5Q,2170564.0,"['contemporary country', 'country', 'country road', 'modern country rock']",Chris Young,72
236,1dID9zgn0OV0Y8ud7Mh2tS,1580428.0,"['contemporary country', 'country', 'country road', 'modern country rock']",Dustin Lynch,71
237,49e4v89VmlDcFCMyDv9wQ9,1075421.0,"['adult standards', 'easy listening', 'lounge', 'vocal jazz']",Dean Martin,70
238,1By9QBFnjZAoI83BZppHlt,2018329.0,"['contemporary country', 'country', 'country road', 'modern country rock']",Billy Currington,70
239,1LOB7jTeEV14pHai6EXSzF,590775.0,"['dance pop', 'edm', 'electro house', 'electropop', 'electropowerpop', 'indie poptimism', 'pop', 'pop dance', 'pop edm', 'tropical house']",Cash Cash,71
240,1mfDfLsMxYcOOZkzBxvSVW,1551746.0,"['contemporary country', 'country', 'country road', 'modern country rock']",Cole Swindell,71
241,6d47Z08T4snK50HgTEHo5Z,746371.0,"['dance pop', 'hyphy', 'pop rap', 'rap', 'southern hip hop', 'trap']",Sage The Gemini,70
242,1uNFoZAHBGtllmzznpCI3s,44606973.0,"['canadian pop', 'pop', 'post-teen pop']",Justin Bieber,100
243,1Xyo4u8uXC1ZmMpatF05PJ,31308207.0,"['canadian contemporary r&b', 'canadian pop', 'pop']",The Weeknd,96
244,3Nrfpe0tUJi4K4DXYWgMUX,31623813.0,"['k-pop', 'k-pop boy group']",BTS,96
245,66CXWjxzNUsdJxJ2JdwvnR,61301006.0,"['pop', 'post-teen pop']",Ariana Grande,95
246,1vyhD5VmyZ7KMfW5gqLgo5,27286822.0,"['latin', 'reggaeton', 'reggaeton colombiano', 'trap latino']",J Balvin,95
247,6M2wZ9GZgrQXHCFfjv46we,24123468.0,"['dance pop', 'pop', 'uk pop']",Dua Lipa,95
248,7dGJo4pcD2V6oG8kP0tJRR,43747833.0,"['detroit hip hop', 'hip hop', 'rap']",Eminem,94
249,0du5cEVh5yTK9QJze8zA0C,29899101.0,"['dance pop', 'pop', 'post-teen pop']",Bruno Mars,93
250,6LuN9FCkKOj5PcnpouEgny,13728298.0,"['alternative r&b', 'pop']",Khalid,92
251,1r4hJ1h58CWwUQe3MxPuau,25073031.0,"['latin', 'reggaeton', 'reggaeton colombiano']",Maluma,91
252,04gDigrS5kc9YWfZHwBETP,30291109.0,"['pop', 'pop rock']",Maroon 5,91
253,5WUlDfRSoLAfcVSX1WnrxN,19350197.0,"['australian dance', 'australian pop', 'dance pop', 'pop']",Sia,90
254,1dfeR4HaWDbWqFHLkxsg1d,33483326.0,"['classic rock', 'glam rock', 'rock']",Queen,89
255,2YZyLoL8N0Wb9xBt1NhZWg,17065065.0,"['conscious hip hop', 'hip hop', 'rap', 'west coast rap']",Kendrick Lamar,89
256,6S2OmqARrzebs0tKUEyXyp,19543911.0,"['dance pop', 'pop', 'post-teen pop']",Demi Lovato,89
257,00FQb4jTyendYWaN8pK0wa,12750166.0,"['art pop', 'pop']",Lana Del Rey,89
258,26VFTg2z8YR0cCuwLzESi2,14626427.0,"['dance pop', 'electropop', 'etherpop', 'indie poptimism', 'pop', 'post-teen pop']",Halsey,89
259,64KEffDW9EtZ1y2vBYgq8T,30244604.0,"['brostep', 'edm', 'pop', 'pop dance', 'progressive electro house']",Marshmello,88
260,7c0XG5cIJTrrAgEC3ULPiq,3750804.0,"['pop', 'pop rap', 'r&b', 'southern hip hop', 'trap', 'trap soul']",Ty Dolla $ign,88
261,1SupJlEpv7RS2tPNRaHViT,14285097.0,"['latin', 'latin hip hop', 'reggaeton', 'trap latino', 'tropical']",Nicky Jam,88
262,137W8MRPWKqSmrBGDBFSop,9907667.0,"['hip hop', 'pittsburgh rap', 'pop rap', 'rap', 'southern hip hop', 'trap']",Wiz Khalifa,88
263,7tYKF4w9nC0nq9CsPZTHyP,5082658.0,"['pop', 'pop rap', 'r&b']",SZA,88
264,1U1el3k54VvEUzo3ybLPlM,1698014.0,"['colombian pop', 'pop']",Kali Uchis,88
265,3hcs9uc56yIGFCSy9leWe7,2432427.0,"['chicago drill', 'chicago rap', 'drill', 'hip hop', 'rap', 'southern hip hop', 'trap']",Lil Durk,88
266,1McMsnEElThX1knmY4oliG,1444702.0,"['pop', 'post-teen pop']",Olivia Rodrigo,88
267,6l3HvQ5sa6mXTsMTB19rO5,13067338.0,"['conscious hip hop', 'hip hop', 'north carolina hip hop', 'rap']",J. Cole,87
268,2o5jDhtHVPhrJdv3cEQ99Z,5527032.0,"['big room', 'brostep', 'dance pop', 'dutch edm', 'edm', 'house', 'pop', 'pop dance', 'slap house', 'trance', 'tropical house']",Tiësto,87
269,5fMUXHkw8R8eOP2RNVYEZX,2376451.0,"['bmore', 'dance pop', 'edm', 'moombahton', 'ninja', 'pop', 'pop dance', 'tropical house']",Diplo,87
270,5LHRHt1k9lMyONurDHEdrp,6200496.0,"['dance pop', 'hip hop', 'pop rap', 'rap', 'southern hip hop', 'trap']",Tyga,86
271,4tZwfgrHOc3mvqYlEYSvVi,7650304.0,"['electro', 'filter house']",Daft Punk,86
272,2h93pZq0e7k5yf4dywlkpM,7566623.0,"['alternative r&b', 'hip hop', 'lgbtq+ hip hop', 'neo soul', 'pop']",Frank Ocean,86
273,13ubrt8QOOCPljQ2FL1Kca,9024285.0,"['east coast hip hop', 'hip hop', 'rap', 'trap']",A$AP Rocky,86
274,1KCSPY1glIKqW2TotWuXOR,10740388.0,"['dance pop', 'pop', 'post-teen pop']",P!nk,86
275,7vk5e3vY1uw9plTHJAMwjN,28026432.0,['electro house'],Alan Walker,85
276,1vCWHaC5f2uS3yhpwWbIA6,19536186.0,"['dance pop', 'edm', 'pop', 'pop dance']",Avicii,85
277,69GGBxA162lTqCwzJG5jLp,17734996.0,"['dance pop', 'edm', 'electropop', 'pop', 'pop dance', 'tropical house']",The Chainsmokers,85
278,4nDoRrQiYLoBzwC5BhVJzF,21080479.0,"['dance pop', 'electropop', 'pop', 'post-teen pop']",Camila Cabello,85
279,1anyVhU62p31KFi8MEzkbf,5268258.0,"['chicago rap', 'conscious hip hop', 'hip hop', 'pop rap', 'rap']",Chance the Rapper,85
280,3t5xRXzsuZmMDkQzgOX35S,2699875.0,"['dance pop', 'deep euro house', 'deep house', 'edm', 'german dance', 'pop', 'pop dance', 'tropical house']",Robin Schulz,84
281,64M6ah0SkkRsnPGtGiRAbb,6298454.0,"['alt z', 'dance pop', 'electropop', 'pop', 'pop rap', 'post-teen pop']",Bebe Rexha,84
282,540vIaP2JwjQb9dm3aArA4,7310355.0,"['dance pop', 'edm', 'electronic trap', 'pop', 'pop dance']",DJ Snake,83
283,7FNnA9vBm6EKceENgCGRMb,10444315.0,"['funk carioca', 'funk pop', 'pagode baiano', 'pop nacional']",Anitta,82
284,1z7b1Pr1rSlvWRzsW3HOrS,3963793.0,"['hawaiian hip hop', 'pop rap', 'rap']",Russ,82
285,360IAlyVv4PCEVjgyMZrxK,3367080.0,"['dance pop', 'hip hop', 'pop', 'r&b', 'urban contemporary']",Miguel,82
286,3tJoFztHeIJkJWMrx0td2f,1985437.0,"['hip hop', 'rap', 'southern hip hop', 'tennessee hip hop', 'trap']",Moneybagg Yo,81
287,6L1XC7NrmgWRlwAeLJvVtA,101311.0,"['australian pop', 'pop', 'post-teen pop', 'uk pop']",Sam Fischer,77
288,6fxyWrfmjcbj5d12gXeiNV,1562810.0,"['dark trap', 'drill', 'hip hop', 'miami hip hop', 'rap', 'trap', 'underground hip hop']",Denzel Curry,77
289,6C1ohJrd5VydigQtaGy5Wa,1636745.0,"['boston hip hop', 'hip hop', 'pop rap', 'rap']",Joyner Lucas,77
290,7iZtZyCzp3LItcw1wtPI3D,6356760.0,"['hip hop', 'melodic rap', 'mississippi hip hop', 'pop rap', 'rap', 'southern hip hop', 'trap']",Rae Sremmurd,77
291,4WN5naL3ofxrVBgFpguzKo,1264137.0,"['dance pop', 'edm', 'house', 'liquid funk', 'pop', 'pop dance', 'tropical house', 'uk dance', 'uk funky']",Rudimental,77
292,2ZRQcIgzPCVaT9XKhXZIzh,677704.0,"['dance pop', 'edm', 'electro house', 'pop', 'pop dance', 'pop edm', 'tropical house']",Gryffin,77
293,26T3LtbuGT1Fu9m0eRq5X3,2459591.0,"['indie rock', 'modern alternative rock', 'modern rock', 'punk blues', 'rock']",Cage The Elephant,79
294,4aXXDj9aZnlshx7mzj3W1N,425195.0,"['hollywood', 'show tunes']",Lin-Manuel Miranda,78
295,4MoAOfV4ROWofLG3a3hhBN,1209521.0,"['contemporary country', 'country', 'country road', 'modern country rock']",Jon Pardi,74
296,28ExwzUQsvgJooOI0X1mr3,1031361.0,"['conscious hip hop', 'gangster rap', 'hip hop', 'pop rap', 'rap', 'southern hip hop', 'trap', 'underground hip hop']",Jay Rock,74
297,4kI8Ie27vjvonwaB2ePh8T,1217242.0,"['indie rock', 'modern alternative rock', 'modern rock', 'rock']",Portugal. The Man,71
298,5mnS9jJdKQQcRSqFu5YPVe,68920.0,"['disney', 'hollywood', 'movie tunes', 'show tunes']",Auli'i Cravalho,68
299,4Gso3d4CscCijv0lmajZWs,1388639.0,"['rap', 'trap']",Don Toliver,85
300,5JZ7CnR6gTvEMKX4g70Amv,4154949.0,"['electropop', 'pop', 'post-teen pop']",Lauv,84
301,0NGAZxHanS9e0iNHpR8f2W,9863521.0,"['electro house', 'pop nacional', 'slap house']",Alok,84
302,2LIk90788K0zvyj2JJVwkJ,832196.0,"['deep underground hip hop', 'kentucky hip hop', 'pop rap', 'rap']",Jack Harlow,84
303,0u6GtibW46tFX7koQ6uNJZ,135844.0,"['dance pop', 'edm', 'german dance', 'pop dance', 'pop edm', 'tropical house']",Topic,83
304,4DdkRBBYG6Yk9Ka8tdJ9BW,2008309.0,"['atl hip hop', 'hip hop', 'pop rap', 'rap', 'southern hip hop', 'trap']",Offset,83
305,1HwM5zlC5qNWhJtM00yXzG,2693147.0,"['east coast hip hop', 'gangster rap', 'hardcore hip hop', 'hip hop', 'pop rap', 'rap']",DMX,83
306,5ZS223C6JyBfXasXxrRqOk,4418323.0,"['alternative r&b', 'dance pop', 'pop', 'r&b', 'urban contemporary']",Jhené Aiko,83
307,4xRYI6VqpkE3UwrDrAZL8L,5302006.0,"['conscious hip hop', 'dmv rap', 'hip hop', 'pop rap', 'rap']",Logic,83
308,60d24wfXkVzDSfLS6hyCjZ,14588353.0,"['dance pop', 'dutch edm', 'edm', 'electro house', 'pop', 'pop dance', 'progressive house', 'tropical house']",Martin Garrix,83
309,4Uc8Dsxct0oMqx0P6i60ea,3130403.0,"['alt z', 'bedroom pop', 'electropop', 'indie pop', 'pop', 'post-teen pop']",Conan Gray,83
310,5INjqkS1o8h1imAzPqGZBb,4839789.0,"['australian psych', 'neo-psychedelic']",Tame Impala,83
311,63yrD80RY3RNEM2YDpUpO8,9986903.0,"['alt z', 'dance pop', 'electropop', 'pop']",Melanie Martinez,82
312,6oMuImdp5ZcFhWP0ESe6mG,11350554.0,"['atl hip hop', 'hip hop', 'pop rap', 'rap', 'southern hip hop', 'trap']",Migos,82
313,6icQOAFXDZKsumw3YXyusw,7091897.0,"['atl hip hop', 'hip hop', 'melodic rap', 'rap', 'southern hip hop', 'trap', 'underground hip hop', 'viral rap']",Lil Yachty,82
314,2feDdbD5araYcm6JhFHHw7,1583615.0,"['indie poptimism', 'pop', 'post-teen pop']",Labrinth,82
315,738wLrAtLtCtFOLvQBXOXp,6182686.0,"['dance pop', 'edm', 'electro house', 'moombahton', 'pop', 'pop dance', 'pop rap', 'tropical house']",Major Lazer,82
316,3l0CmX0FuQjFxr8SK7Vqag,2454178.0,"['bedroom pop', 'pop']",Clairo,82
317,6cEuCEZu7PAE9ZSzLLc2oQ,2173826.0,"['dance pop', 'dutch house', 'edm', 'electro house', 'pop', 'pop dance', 'progressive electro house', 'slap house', 'tropical house']",R3HAB,82
318,6s22t5Y3prQHyaHWUN1R1C,1751157.0,['modern rock'],AJR,82
319,4obzFoKoKRHIphyHzJ35G3,10025272.0,"['dance pop', 'latin', 'latin pop', 'latin viral pop', 'pop', 'rap latina', 'reggaeton', 'trap latino']",Becky G,82
320,1Hsdzj7Dlq2I7tHP7501T4,7110203.0,"['dance pop', 'pop', 'post-teen pop']",Niall Horan,82
321,6VuMaDnrHyPL1p4EHjYLi7,12846333.0,"['dance pop', 'pop', 'post-teen pop', 'viral pop']",Charlie Puth,82
322,3AA28KZvwAUcZuOKwyblJQ,6813797.0,['alternative hip hop'],Gorillaz,82
323,2FXC3k01G6Gw61bmprjgqS,4602616.0,"['irish singer-songwriter', 'modern rock', 'pop']",Hozier,82
324,5KNNVgR6LBIABRIomyCwKJ,897961.0,"['folk-pop', 'irish pop', 'pop']",Dermot Kennedy,82
325,3tlXnStJ1fFhdScmQeLpuG,1521021.0,"['dmv rap', 'pop', 'r&b', 'rap']",Brent Faiyaz,82
326,1gPhS1zisyXr5dHTYZyiMe,4100694.0,"['baton rouge rap', 'rap', 'southern hip hop', 'trap']",Kevin Gates,82
327,1Xylc3o4UrD53lo9CvFvVg,8648195.0,"['dance pop', 'edm', 'electropop', 'pop', 'pop dance', 'post-teen pop', 'scandipop', 'swedish electropop', 'swedish pop', 'tropical house']",Zara Larsson,82
328,1Ffb6ejR6Fe5IamqA5oRUF,3699030.0,"['melodic metalcore', 'metalcore', 'rock', 'uk metalcore']",Bring Me The Horizon,82
329,3gIRvgZssIb9aiirIg0nI3,1558464.0,"['alt z', 'electropop', 'pop', 'post-teen pop']",Jeremy Zucker,82
330,0QHgL1lAIqAw0HtD7YldmP,5948955.0,"['dance pop', 'hip hop', 'miami hip hop', 'pop', 'pop rap', 'rap', 'southern hip hop', 'trap']",DJ Khaled,82
331,0ZED1XzwlLHW4ZaG4lOT6m,3721982.0,"['alt z', 'dance pop', 'electropop', 'pop', 'post-teen pop']",Julia Michaels,82
332,0cGUm45nv7Z6M6qdXYQGTX,4551214.0,"['dance pop', 'pop', 'pop rap', 'post-teen pop', 'r&b', 'urban contemporary']",Kehlani,81
333,3Y7RZ31TRPVadSFVy1o8os,3694184.0,"['alternative r&b', 'dance pop', 'pop', 'r&b']",H.E.R.,81
334,6LqNN22kT3074XbTVUrhzX,6296840.0,"['dance pop', 'electropop', 'pop', 'post-teen pop']",Kesha,81
335,1Bl6wpkWCQ4KVgnASpvzzA,1765477.0,"['boy band', 'hip hop', 'rap']",BROCKHAMPTON,81
336,0A0FS04o6zMoto8OKPsDwY,2566314.0,"['cali rap', 'gangster rap', 'hip hop', 'pop rap', 'rap', 'southern hip hop', 'trap']",YG,81
337,2wUjUUtkb5lvLKcGKsKqsR,8717631.0,"['alt z', 'canadian contemporary r&b', 'canadian pop', 'dance pop', 'electropop', 'pop', 'post-teen pop', 'r&b']",Alessia Cara,81
338,73sIBHcqh3Z3NyqHKZ7FOL,7716080.0,"['atl hip hop', 'hip hop', 'pop rap', 'rap']",Childish Gambino,81
339,6MDME20pz9RveH9rEXvrOM,4293412.0,"['dance pop', 'edm', 'pop', 'pop dance', 'post-teen pop', 'tropical house', 'uk dance', 'uk funky']",Clean Bandit,81
340,2HPaUgqeutzr3jx5a9WyDV,2921372.0,"['pop', 'pop rap', 'r&b', 'rap', 'toronto rap', 'trap', 'urban contemporary']",PARTYNEXTDOOR,81
341,2qxJFvFYMEDqd7ui6kSAcq,5426936.0,"['complextro', 'dance pop', 'edm', 'electro house', 'electropop', 'german techno', 'pop', 'pop dance', 'post-teen pop', 'tropical house']",Zedd,81
342,2EMAnMvWE2eb56ToJVfCWs,4821083.0,"['kentucky hip hop', 'pop', 'pop rap', 'r&b', 'rap', 'trap']",Bryson Tiller,81
343,3PyJHH2wyfQK3WZrk9rpmP,924879.0,"['alt z', 'electropop', 'escape room', 'pop']",Ashnikko,81
344,0C0XlULifJtAgn6ZNCW2eu,5944237.0,"['dance rock', 'modern rock', 'permanent wave', 'rock']",The Killers,81
345,6QtgPSJPSzcnn7dPZ4VINp,949687.0,['chicago rap'],King Von,81
346,3klZnJvYGIbWritVwQD434,181450.0,['dutch pop'],Duncan Laurence,80
347,7DMveApC7UnC2NPfPvlHSU,1838014.0,"['dance pop', 'edm', 'electro house', 'electropop', 'pop', 'pop dance', 'pop edm', 'pop rap', 'post-teen pop', 'tropical house']",Cheat Codes,78
348,3BmGtnKgCSGYIUhmivXKWX,7566980.0,"['dance pop', 'neo mellow', 'pop', 'pop rock', 'post-teen pop', 'talent show', 'urban contemporary']",Kelly Clarkson,78
349,4ofCBoyEiGSePFAG500xev,130024.0,"['dance pop', 'edm', 'pop dance', 'pop edm', 'slap house', 'tropical house']",Regard,78
350,46gyXjRIvN1NL1eCB8GBxo,2569497.0,"['modern rock', 'pop punk', 'post-teen pop']",All Time Low,78
351,2jnIB6XdLvnJUeNTy5A0J2,2724198.0,"['boy band', 'dance pop', 'pop', 'post-teen pop', 'teen pop']",Why Don't We,78
352,3FUY2gzHeIiaesXtOAdB7A,3650908.0,"['dance pop', 'neo mellow', 'pop', 'pop rock', 'post-teen pop']",Train,78
353,4EzkuveR9pLvDVFNx6foYD,3323655.0,"['modern rock', 'neo mellow', 'pop', 'pop rock']",James Bay,77
354,5H1nN1SzW0qNeUEZvuXjAj,2901972.0,"['latin', 'latin pop', 'pop venezolano', 'reggaeton', 'trap latino', 'tropical']",Danny Ocean,77
355,73Np75Wv2tju61Eo9Zw4IR,342578.0,"['hollywood', 'show tunes']",Idina Menzel,75
356,1KP6TWI40m7p3QBTU6u2xo,992179.0,"['electropop', 'modern alternative rock', 'modern rock', 'pop']",BØRNS,75
357,5pUo3fmmHT8bhCyHE52hA6,7551725.0,"['dance pop', 'pop', 'post-teen pop']",Liam Payne,75
358,0WK3H9OErSn5zKOkOV5egm,363986.0,"['trap', 'viral rap']",DDG,75
359,0bdfiayQAKewqEvaU6rXCv,1324869.0,"['dance pop', 'danish pop', 'electropop', 'indie poptimism', 'pop', 'tropical house']",MØ,75
360,40LHVA5BTQp9RxHOQ9JPYj,1653742.0,"['ccm', 'christian alternative rock', 'christian music', 'worship']",Lauren Daigle,74
361,0fiWOxhsBsQQvFDtxUQWo0,704548.0,['contemporary country'],Brett Young,73
362,3kVUvbeRdcrqQ3oHk5hPdx,985688.0,"['indie pop', 'indie rock', 'indietronica', 'la indie', 'modern alternative rock', 'modern rock', 'pop rock', 'rock', 'stomp and holler']",Grouplove,73
363,0RpddSzUHfncUWNJXKOsjy,1017511.0,"['indie poptimism', 'modern alternative rock', 'modern rock', 'neo mellow', 'pop', 'pop rock', 'post-teen pop', 'rock']",Neon Trees,73
364,2FwJwEswyIUAljqgjNSHgP,330910.0,"['dance pop', 'edm', 'electropop', 'indie poptimism', 'pop', 'pop dance', 'tropical house']",Snakehips,69
365,7dIpKWlEeAljA20vFJ82RD,137772.0,[],Roar,69
366,4u5smJBskI6Adzv08PuiUP,756670.0,"['alt z', 'dance pop', 'electropop', 'indie poptimism', 'pop', 'tropical house']",Kiiara,70
367,21dooacK2WGBB5amYvKyfM,2206557.0,"['dark trap', 'melodic rap', 'meme rap', 'miami hip hop', 'pop rap', 'rap', 'southern hip hop', 'trap', 'underground hip hop', 'vapor trap']",Smokepurpp,70
368,4AA474G2hRfrHyGrfyDseO,494584.0,"['cali rap', 'sacramento hip hop', 'trap']",Mozzy,70
369,1tqhsYv8yBBdwANFNzHtcr,1795428.0,"['comedy rap', 'pop rap', 'rap']",Lil Dicky,70
370,246dkjvS1zLTtiykXe5h60,32167665.0,"['dfw rap', 'melodic rap', 'rap']",Post Malone,93
371,2kCcBybjl3SAtIcwdWpUe3,6754746.0,"['emo rap', 'lgbtq+ hip hop']",Lil Peep,88
372,1uU7g3DNSbsu0QjSEqZtEd,177401.0,['australian hip hop'],Masked Wolf,85
373,0hEurMDQu99nJRq8pTxO14,5013203.0,"['neo mellow', 'pop', 'pop rock', 'singer-songwriter']",John Mayer,83
374,1GDbiv3spRmZ1XdM1jQbT7,5803207.0,"['latin', 'latin pop', 'rap latina', 'reggaeton', 'trap latino', 'tropical']",Natti Natasha,83
375,0e86yPdC41PGRkLp2Q1Bph,1670684.0,['vancouver indie'],Mother Mother,82
376,3EOEK57CV77D4ovYVcmiyt,535252.0,['israeli pop'],Dennis Lloyd,73
377,5V0MlUE1Bft0mbLlND7FJz,1931266.0,"['adult standards', 'jazz blues', 'swing', 'vocal jazz']",Ella Fitzgerald,73
378,6gK1Uct5FEdaUWRWpU4Cl2,860279.0,"['new french touch', 'tropical house']",Petit Biscuit,73
379,20gsENnposVs2I4rQ5kvrf,616061.0,"['dance pop', 'edm', 'electro house', 'pop', 'pop dance', 'pop edm', 'tropical house']",Sam Feldt,80
380,0BvkDsjIUla7X0k6CSWh1I,6325985.0,"['contemporary country', 'country', 'country road']",Luke Bryan,80
381,7gZfnEnfiaHzxARJ2LeXrf,6416834.0,['emo rap'],6ix9ine,79
382,5CCwRZC6euC8Odo6y9X8jr,6540956.0,"['australian pop', 'dance pop', 'edm', 'electropop', 'pop', 'pop rap', 'post-teen pop', 'tropical house', 'uk pop']",Rita Ora,79
383,2gBjLmx6zQnFGQJCAQpRgw,1763657.0,"['dance pop', 'hip hop', 'pop rap', 'rap', 'southern hip hop', 'st louis rap', 'urban contemporary']",Nelly,79
384,64aJYyrXljOodnUG6jvhRD,964823.0,"['latin', 'latin hip hop', 'reggaeton', 'reggaeton flow', 'trap latino', 'tropical']",DJ Luian,78
385,1MIVXf74SZHmTIp4V4paH4,1264050.0,"['dance pop', 'edm', 'pop', 'pop dance', 'post-teen pop', 'tropical house', 'uk pop']",Mabel,78
386,6CwfuxIqcltXDGjfZsMd9A,2535163.0,"['dance pop', 'electropop', 'metropopolis', 'pop', 'post-teen pop', 'uk alternative pop']",MARINA,78
387,4ZgQDCtRqZlhLswVS6MHN4,810961.0,"['alt z', 'modern alternative rock', 'modern rock', 'rock']",grandson,76
388,0PFtn5NtBbbUNbU9EAmIWF,1855187.0,"['album rock', 'classic rock', 'mellow gold', 'rock', 'soft rock', 'yacht rock']",TOTO,76
389,1o2NpYGqHiCq7FoiYdyd1x,2271615.0,"['alt z', 'dance pop', 'electropop', 'indie cafe pop', 'indie poptimism', 'modern rock', 'pop', 'pop rap', 'post-teen pop', 'talent show']",Bea Miller,76
390,2YOYua8FpudSEiB9s88IgQ,1084290.0,"['meme rap', 'minnesota hip hop', 'pop rap']",Yung Gravy,76
391,3oDbviiivRWhXwIE8hxkVV,3084545.0,"['baroque pop', 'brill building pop', 'classic rock', 'folk rock', 'psychedelic rock', 'rock', 'sunshine pop']",The Beach Boys,76
392,6P5NO5hzJbuOqSdyPB7SJM,500366.0,"['alt z', 'electropop', 'indie pop', 'pop', 'post-teen pop']",Ashe,76
393,0vRvGUQVUjytro0xpb26bs,597529.0,"['pop rap', 'rhode island rap']",Arizona Zervas,76
394,4ETSs924pXMzjIeD6E9b4u,679349.0,"['bedroom soul', 'pop']",Surfaces,76
395,0EeQBlQJFiAfJeVN2vT9s0,2216670.0,"['conscious hip hop', 'gangster rap', 'hip hop', 'pop rap', 'rap', 'southern hip hop', 'trap']",Nipsey Hussle,75
396,3rWZHrfrsPBxVy692yAIxF,1083194.0,"['afrofuturism', 'dance pop', 'electropop', 'pop', 'post-teen pop']",WILLOW,75
397,5QdEbQJ3ylBnc3gsIASAT5,1157231.0,"['chicago drill', 'chicago rap', 'drill', 'rap', 'southern hip hop', 'trap', 'vapor trap']",G Herbo,75
398,7HkdQ0gt53LP4zmHsL0nap,3516095.0,"['dance pop', 'pop', 'pop r&b', 'pop rap', 'post-teen pop', 'r&b', 'rap', 'uk contemporary r&b', 'urban contemporary']",Ella Mai,75
399,5Zq7R5qmi58ByYyBQTlNuk,1492956.0,"['contemporary country', 'country', 'country road', 'modern country rock']",Lee Brice,75
400,6UCQYrcJ6wab6gnQ89OJFh,294164.0,['uk hip hop'],Headie One,75
401,4gOc8TsQed9eqnqJct2c5v,1073375.0,['k-pop girl group'],K/DA,73
402,1MXZ0hsGic96dWRDKwAwdr,320217.0,"['cali rap', 'melodic rap', 'pop rap', 'rap', 'trap']",Tyla Yaweh,73
403,4YLtscXsxbVgi031ovDDdh,3139913.0,"['contemporary country', 'outlaw country']",Chris Stapleton,81
404,2kRfqPViCqYdSGhYSM9R0Q,2916379.0,"['alt z', 'dance pop', 'electropop', 'pop', 'post-teen pop']",Madison Beer,81
405,2rhFzFmezpnW82MNqEKVry,4087652.0,"['miami hip hop', 'rap', 'underground hip hop']",Ski Mask The Slump God,81
406,1HBjj22wzbscIZ9sEb5dyf,3203328.0,"['dance pop', 'edm', 'pop', 'pop dance', 'post-teen pop', 'tropical house', 'uk dance']",Jonas Blue,80
407,43ZHCT0cAZBISjO8DG9PnE,5319897.0,"['adult standards', 'rock-and-roll', 'rockabilly']",Elvis Presley,80
408,0H39MdGGX6dbnnQPt6NQkZ,693929.0,"['melodic rap', 'rap', 'slap house']",SAINt JHN,80
409,4iHNK0tOyZPYnBU7nGAgpQ,6558935.0,"['dance pop', 'pop', 'urban contemporary']",Mariah Carey,80
410,3GBPw9NK25X1Wt2OUvOwY3,3123799.0,['neo mellow'],Jack Johnson,80
411,7z5WFjZAIYejWy0NI5lv4T,2189180.0,"['contemporary country', 'country', 'pop']",Dan + Shay,80
412,7d3WFRME3vBY2cgoP38RDo,4679716.0,"['melodic rap', 'pop rap', 'rap', 'trap']",Lil Skies,80
413,3oSJ7TBVCWMDMiYjXNiCKE,3281503.0,"['contemporary country', 'country', 'country road']",Kane Brown,80
414,77AiFEVeAVj2ORpC85QVJs,3538089.0,"['dance pop', 'edm', 'electro house', 'pop dance', 'tropical house']",Steve Aoki,80
415,3eqjTLE0HfPfh78zjh6TqT,3955181.0,"['classic rock', 'heartland rock', 'mellow gold', 'permanent wave', 'rock', 'singer-songwriter']",Bruce Springsteen,80
416,5IH6FPUwQTxPSXurCrcIov,2586135.0,"['alt z', 'electropop', 'pop']",Alec Benjamin,80
417,4AVFqumd2ogHFlRbKIjp1t,3600013.0,"['dance pop', 'edm', 'electro house', 'pop', 'pop dance', 'progressive electro house', 'tropical house']",Alesso,79
418,3JhNCzhSMTxs9WLGJJxWOY,1711346.0,"['pop', 'pop rap', 'seattle hip hop']",Macklemore,79
419,4GvEc3ANtPPjt1ZJllr5Zl,4186346.0,"['dance pop', 'electropop', 'pop', 'post-teen pop']",Bazzi,80
420,6x2LnllRG5uGarZMsD4iO8,3780200.0,"['contemporary country', 'country', 'country road', 'modern country rock']",Thomas Rhett,80
421,3uwAm6vQy7kWPS2bciKWx9,3061281.0,"['bedroom pop', 'bubblegrunge', 'indie pop', 'norwegian indie']",girl in red,80
422,7guDJrEfX3qb6FEbdPA5qi,4919372.0,"['adult standards', 'funk', 'motown', 'quiet storm', 'soul']",Stevie Wonder,80
423,7arQA31aZVS8yS6zUveWzb,137139.0,['trap'],CJ,79
424,1Mxqyy3pSjf8kZZL4QVxS0,4677919.0,"['adult standards', 'easy listening', 'lounge']",Frank Sinatra,79
425,6USv9qhCn6zfxlBQIYJ9qs,506889.0,"['alternative pop rock', 'pop']",Dominic Fike,79
426,3QSQFmccmX81fWCUSPTS7y,1574499.0,"['alt z', 'australian pop', 'indie cafe pop', 'pop', 'post-teen pop']",Dean Lewis,78
427,5IcR3N7QB1j6KBL8eImZ8m,3619604.0,"['gangster rap', 'hip hop', 'pop rap', 'rap', 'southern hip hop', 'trap', 'underground hip hop']",ScHoolboy Q,78
428,5p7f24Rk5HkUZsaS3BLG5F,6686673.0,"['dance pop', 'pop', 'post-teen pop']",Hailee Steinfeld,78
429,4sTQVOfp9vEMCemLw50sbu,3068664.0,"['dance pop', 'edm', 'electro house', 'pop', 'pop dance', 'tropical house']",Galantis,78
430,0u2FHSq3ln94y5Q57xazwf,4156674.0,"['australian country', 'australian pop', 'contemporary country', 'country', 'country road']",Keith Urban,78
431,7uaIm6Pw7xplS8Dy06V6pT,599947.0,"['alternative r&b', 'melodic rap', 'pop rap']",Trevor Daniel,77
432,6Iz3eq2aQGFf7TbGT2iahL,144870.0,"['contemporary country', 'country pop']",Gabby Barrett,72
433,3Fl1V19tmjt57oBdxXKAjJ,3697236.0,"['cali rap', 'trap']",Blueface,77
434,1cNDP5yjU5vjeR8qMf4grg,5842366.0,"['melodic rap', 'trap']",YNW Melly,82
435,6MPCFvOQv5cIGfw3jODMF0,277005.0,"['pop rap', 'rap', 'trap']",Internet Money,83
436,1iJdyDcY98X3GMnUesl7tf,1452028.0,"['meme rap', 'rap', 'trap', 'underground hip hop', 'vapor trap', 'viral rap']",Comethazine,69
437,6DgP9otnZw5z6daOntINxp,174167.0,"['dance pop', 'edm', 'house', 'pop dance', 'tropical house', 'uk dance']",Joel Corry,83
438,3NPpFNZtSTHheNBaWC82rB,2416570.0,"['modern alternative rock', 'modern rock', 'pop', 'pop rock', 'rock', 'stomp pop']",X Ambassadors,78
439,1HY2Jd0NmPuamShAr6KMms,17047864.0,"['dance pop', 'pop', 'post-teen pop']",Lady Gaga,89
440,0hCNtLu0JehylgoiP8L4Gh,20977302.0,"['dance pop', 'hip pop', 'pop', 'pop rap', 'post-teen pop', 'queens hip hop']",Nicki Minaj,90
441,5jAMCwdNHWr7JThxtMuEyy,179754.0,"['alt z', 'dance pop', 'edm', 'electro house', 'electropop', 'pop', 'pop dance', 'pop edm', 'post-teen pop', 'tropical house']",NOTD,74
442,0EFisYRi20PTADoJrifHrz,1917151.0,"['latin', 'reggaeton', 'trap latino']",Jhay Cortez,90
443,4qBgvVog0wzW75IQ48mU7v,965195.0,"['pop', 'pop rap', 'rap', 'social media pop']",KYLE,73
444,0haZhu4fFKt0Ag94kZDiz2,1904067.0,"['dance pop', 'latin', 'latin pop', 'mexican pop', 'pop']",Sofía Reyes,71
445,1bqxdqvUtPWZri43cKHac8,659290.0,"['dance pop', 'electropop', 'pop', 'post-teen pop', 'viral pop']",MAX,77
446,4O15NlyKLIASxsJ0PrXPfz,11209483.0,"['melodic rap', 'philly rap', 'rap', 'trap']",Lil Uzi Vert,91
447,3gGUMEwIX6XodWsYEvKSal,2507994.0,"['alabama rap', 'pop rap', 'rap', 'trap', 'vapor trap', 'viral rap']",YBN Nahmir,75
448,7HV2RI2qNug4EcQqLbCAKS,138103.0,"['broadway', 'hollywood', 'show tunes']",Keala Settle,72
449,3KNIG74xSTc3dj0TRy7pGX,753756.0,"['alabama rap', 'pop r&b', 'trap']",Yung Bleu,72
450,0c173mlxpT3dSFRgMO8XPh,8362537.0,"['detroit hip hop', 'hip hop', 'pop rap', 'rap', 'southern hip hop', 'trap']",Big Sean,85
451,3wjsrpfO6odEphTZWx45RQ,114234.0,"['post-teen pop', 'viral pop']",Hearts & Colors,58
452,0fA0VVWsXO9YnASrzqfmYu,4746873.0,"['hip hop', 'ohio hip hop', 'rap']",Kid Cudi,87
453,2RDOrhPqAM4jzTRCEb19qX,1088447.0,"['rap', 'trap', 'underground hip hop', 'vapor trap']",Sheck Wes,70
454,4qIVPF0s71ZYW3qzhu5GkF,622435.0,['sad rap'],Kina,77
455,3iri9nBFs9e4wN7PLIetAw,1588476.0,"['alt z', 'electropop', 'indie cafe pop', 'pop']",gnash,73
456,20sxb77xiYeusSH8cVdatc,4968247.0,"['hip hop', 'philly rap', 'pop rap', 'rap', 'southern hip hop', 'trap']",Meek Mill,81
457,3IJ21966TwNZI24MwZHMu4,82126.0,"['escape room', 'trap queen']",Yung Baby Tate,69
458,45gHcnDnMC15sgx3VL7ROG,262969.0,"['detroit trap', 'rap', 'southern hip hop', 'trap']",42 Dugg,76
459,2cQr2KbzdRtIFlfbHGnNsL,8828.0,['show tunes'],Ziv Zaifman,62
460,3TVXtAsR1Inumwj472S9r4,54416812.0,"['canadian hip hop', 'canadian pop', 'hip hop', 'pop rap', 'rap', 'toronto rap']",Drake,98
461,5f7VJjfbwm532GiveGC0ZK,6789005.0,"['atl hip hop', 'atl trap', 'rap', 'trap']",Lil Baby,93
462,3YQKmKGau1PzlVlkL1iodx,20113453.0,"['modern rock', 'rock']",Twenty One Pilots,86
463,0Y5tJX1MQlPlqiwlOH1tJY,16118616.0,"['rap', 'slap house']",Travis Scott,94
464,4oUHIQIBe0LHzYfvXNW4QM,1678738.0,"['contemporary country', 'deep talent show']",Morgan Wallen,88
465,35S20clEkkSNUo23ViaslZ,19808.0,['musical advocacy'],Band Aid,45
466,3FfvYsEGaIb52QPXhg4DcH,4493811.0,"['contemporary country', 'country', 'country road']",Jason Aldean,79
467,3Y2MLcrD3ZQXRXmtn4fZQx,66362.0,"['florida rap', 'viral rap']",SpotemGottem,73
468,2KsP6tYLJlTBvSUxnwlVWa,1136614.0,"['dance pop', 'pop', 'pop rap']",Mike Posner,77
469,31W5EY0aAly4Qieq6OFu6I,5634088.0,"['melodic rap', 'pop rap', 'rap', 'trap']",A Boogie Wit da Hoodie,86
470,55fhWPvDiMpLnE4ZzNXZyW,841098.0,"['alt z', 'dance pop', 'electropop', 'pop', 'post-teen pop']",Noah Cyrus,79
471,2hlmm7s2ICUX0LVIhVFlZQ,3071007.0,"['atl hip hop', 'melodic rap', 'rap', 'trap']",Gunna,90
472,7rkW85dBwwrJtlHRDkJDAC,2458760.0,"['canadian hip hop', 'melodic rap', 'pop rap', 'rap', 'toronto rap', 'trap']",NAV,84
473,3Gm5F95VdRxW3mqCn8RPBJ,1566946.0,"['hip hop', 'pop rap', 'portland hip hop', 'rap', 'underground hip hop']",Aminé,76
474,50co4Is1HCEo8bhOyUWKpn,6110874.0,"['atl hip hop', 'atl trap', 'gangster rap', 'hip hop', 'melodic rap', 'pop rap', 'rap', 'trap']",Young Thug,91
475,6cK3NBO6uP7hh0oyuVELFl,1091048.0,"['cali rap', 'dance pop', 'pop', 'pop rap', 'post-teen pop', 'r&b', 'trap queen']",Saweetie,82
476,25u4wHJWxCA9vO0CzxAbK7,1794333.0,"['danish pop', 'pop', 'scandipop']",Lukas Graham,77
477,2TImI3DW7o5MdRXJs4D37h,460273.0,"['cali rap', 'trap', 'vapor trap']",SOB X RBE,62
478,181bsRPaVXVlUKXrxwZfHK,3963838.0,"['houston rap', 'pop', 'pop rap', 'trap queen']",Megan Thee Stallion,88
479,4SbuhLih8eWLmqFzzmM3AK,13742.0,['contemporary country'],HIXTAPE,62
480,3RqBeV12Tt7A8xH3zBDDUF,850004.0,"['alt z', 'contemporary country', 'country', 'pop']",Kelsea Ballerini,73
481,4IWBUUAFIplrNtaOHcJPRM,7893527.0,"['pop', 'post-teen pop', 'talent show', 'uk pop']",James Arthur,86
482,3b8QkneNDz4JHKKKlLgYZg,4273292.0,"['contemporary country', 'country', 'country pop', 'country road', 'modern country rock']",Florida Georgia Line,83
483,6AMd49uBDJfhf30Ak2QR5s,158039.0,"['pop r&b', 'r&b', 'trap queen', 'viral rap']",Coi Leray,73
